Prototipo,ETAPAS ,Status construccion,CUV,Num Oficial,Manz,Macro Lote,Lote,Condominio,No.,M2 Terreno,M2 Constr.,fecha contruccion,por. Completado,cuenta SIAPA,CUENTA PREDIAL,FOLIO CLG,FECHA PREDIAL,FECHA SIAPA,FECHA CLG,PRECIO
AKUA,3,En Obra,,2632,2,1,1,TALAVERA,2001001,90.18,89.52,30/12/12,0%,1,1,2,30/12/12,30/12/12,30/12/12,1008180.2
AKUA,3,En Obra,,2628,2,1,2,TALAVERA,2001002,88.01,89.52,30/12/12,0%,1,1,2,30/12/12,30/12/12,30/12/12,999922.8
MARINE,3,En Obra,,2624,2,1,3,TALAVERA,2001003,89.86,90.02,30/12/12,0%,1,1,2,30/12/12,30/12/12,30/12/12,1006968
AKUA,3,En Obra,,2620,2,1,4,TALAVERA,2001004,91.72,89.52,30/12/12,0%,1,1,2,30/12/12,30/12/12,30/12/12,1014017
AKUA,3,En Obra,,2616,2,1,5,TALAVERA,2001005,93.57,89.52,30/12/12,0%,1,1,2,30/12/12,30/12/12,30/12/12,1021062.2
MARINE,3,En Obra,,2612,2,1,6,TALAVERA,2001006,104.95,90.02,30/12/12,0%,1,1,2,30/12/12,30/12/12,30/12/12,1064313.8
MARINE,3,En Obra,,392,2,2,1,ESTRELLA ORIENTE,2002001,83.65,90.02,30/12/12,0%,1,1,2,30/12/12,30/12/12,30/12/12,983385.2
AKUA,3,En Obra,,392,2,2,2,ESTRELLA ORIENTE,2002002,80,89.52,30/12/12,0%,1,1,2,30/12/12,30/12/12,30/12/12,969500
AKUA,3,En Obra,,392,2,2,3,ESTRELLA ORIENTE,2002003,80,89.52,30/12/12,0%,1,1,2,30/12/12,30/12/12,30/12/12,969500
MARINE,3,En Obra,,392,2,2,4,ESTRELLA ORIENTE,2002004,80,90.02,30/12/12,0%,1,1,2,30/12/12,30/12/12,30/12/12,969500
AKUA,3,En Obra,,392,2,2,5,ESTRELLA ORIENTE,2002005,80,89.52,30/12/12,0%,1,1,2,30/12/12,30/12/12,30/12/12,969500
AKUA,3,En Obra,,392,2,2,6,ESTRELLA ORIENTE,2002006,80,89.52,30/12/12,0%,1,1,2,30/12/12,30/12/12,30/12/12,969500
MARINE,3,En Obra,,392,2,2,7,ESTRELLA ORIENTE,2002007,106.81,90.02,30/12/12,0%,1,1,2,30/12/12,30/12/12,30/12/12,1071378
AKUA,3,En Obra,,392,2,2,8,ESTRELLA ORIENTE,2002008,80,89.52,30/12/12,0%,1,1,2,30/12/12,30/12/12,30/12/12,969500
AKUA,3,En Obra,,392,2,2,9,ESTRELLA ORIENTE,2002009,80,89.52,30/12/12,0%,1,1,2,30/12/12,30/12/12,30/12/12,969500
MARINE,3,En Obra,,392,2,2,10,ESTRELLA ORIENTE,2002010,80,90.02,30/12/12,0%,1,1,2,30/12/12,30/12/12,30/12/12,969500
AKUA,3,En Obra,,392,2,2,11,ESTRELLA ORIENTE,2002011,80,89.52,30/12/12,0%,1,1,2,30/12/12,30/12/12,30/12/12,969500
AKUA,3,En Obra,,392,2,2,12,ESTRELLA ORIENTE,2002012,80,89.52,30/12/12,0%,1,1,2,30/12/12,30/12/12,30/12/12,969500
MARINE,3,En Obra,,392,2,2,13,ESTRELLA ORIENTE,2002013,83.47,90.02,30/12/12,0%,1,1,2,30/12/12,30/12/12,30/12/12,982682.2
MARINE,3,En Obra,,352,2,3,1,ESTRELLA VIAJERA,2003001,83.35,90.02,30/12/12,0%,1,1,2,30/12/12,30/12/12,30/12/12,982214.8
AKUA,3,En Obra,,352,2,3,2,ESTRELLA VIAJERA,2003002,80,89.52,30/12/12,0%,1,1,2,30/12/12,30/12/12,30/12/12,969500
AKUA,3,En Obra,,352,2,3,3,ESTRELLA VIAJERA,2003003,80,89.52,30/12/12,0%,1,1,2,30/12/12,30/12/12,30/12/12,969500
MARINE,3,En Obra,,352,2,3,4,ESTRELLA VIAJERA,2003004,80,90.02,30/12/12,0%,1,1,2,30/12/12,30/12/12,30/12/12,969500
AKUA,3,En Obra,,352,2,3,5,ESTRELLA VIAJERA,2003005,80,89.52,30/12/12,0%,1,1,2,30/12/12,30/12/12,30/12/12,969500
AKUA,3,En Obra,,352,2,3,6,ESTRELLA VIAJERA,2003006,80,89.52,30/12/12,0%,1,1,2,30/12/12,30/12/12,30/12/12,969500
MARINE,3,En Obra,,352,2,3,7,ESTRELLA VIAJERA,2003007,80,90.02,30/12/12,0%,1,1,2,30/12/12,30/12/12,30/12/12,969500
MARINE,3,En Obra,,348,2,3,8,TARRAGONA,2003008,101.45,90.02,30/12/12,0%,1,1,2,30/12/12,30/12/12,30/12/12,1051010
AKUA,3,En Obra,,344,2,3,9,TARRAGONA,2003009,88.5,89.5,30/12/12,0%,1,1,2,30/12/12,30/12/12,30/12/12,1001788.6
AKUA,3,En Obra,,340,2,3,10,TARRAGONA,2003010,92.21,89.52,30/12/12,0%,1,1,2,30/12/12,30/12/12,30/12/12,1015894.2
AKUA,3,En Obra,,352,2,3,11,ESTRELLA VIAJERA,2003011,80,89.52,30/12/12,0%,1,1,2,30/12/12,30/12/12,30/12/12,969500
MARINE,3,En Obra,,352,2,3,12,ESTRELLA VIAJERA,2003012,80,90.02,30/12/12,0%,1,1,2,30/12/12,30/12/12,30/12/12,969500
AKUA,3,En Obra,,352,2,3,13,ESTRELLA VIAJERA,2003013,80,89.52,30/12/12,0%,1,1,2,30/12/12,30/12/12,30/12/12,969500
AKUA,3,En Obra,,352,2,3,14,ESTRELLA VIAJERA,2003014,80,89.52,30/12/12,0%,1,1,2,30/12/12,30/12/12,30/12/12,969500
MARINE,3,En Obra,,352,2,3,15,ESTRELLA VIAJERA,2003015,83.16,90.02,30/12/12,0%,1,1,2,30/12/12,30/12/12,30/12/12,981511.8
AKUA,3,En Obra,,312,2,4,1,ESTRELLA MARINA,2004001,83.04,89.52,30/12/12,0%,1,1,2,30/12/12,30/12/12,30/12/12,981044.4
AKUA,3,En Obra,,312,2,4,2,ESTRELLA MARINA,2004002,80,89.52,30/12/12,0%,1,1,2,30/12/12,30/12/12,30/12/12,969500
MARINE,3,En Obra,,312,2,4,3,ESTRELLA MARINA,2004003,80,90.02,30/12/12,0%,1,1,2,30/12/12,30/12/12,30/12/12,969500
AKUA,3,En Obra,,312,2,4,4,ESTRELLA MARINA,2004004,80,89.52,30/12/12,0%,1,1,2,30/12/12,30/12/12,30/12/12,969500
AKUA,3,En Obra,,312,2,4,5,ESTRELLA MARINA,2004005,80,89.52,30/12/12,0%,1,1,2,30/12/12,30/12/12,30/12/12,969500
MARINE,3,En Obra,,312,2,4,6,ESTRELLA MARINA,2004006,80,90.02,30/12/12,0%,1,1,2,30/12/12,30/12/12,30/12/12,969500
AKUA,3,En Obra,,312,2,4,7,ESTRELLA MARINA,2004007,80,89.52,30/12/12,0%,1,1,2,30/12/12,30/12/12,30/12/12,969500
MARINE,3,En Obra,,312,2,4,8,ESTRELLA MARINA,2004008,80,90.02,30/12/12,0%,1,1,2,30/12/12,30/12/12,30/12/12,969500
AKUA,3,En Obra,,312,2,4,9,ESTRELLA MARINA,2004009,80,89.52,30/12/12,0%,1,1,2,30/12/12,30/12/12,30/12/12,969500
AKUA,3,En Obra,,312,2,4,10,ESTRELLA MARINA,2004010,80,89.52,30/12/12,0%,1,1,2,30/12/12,30/12/12,30/12/12,969500
MARINE,3,En Obra,,312,2,4,11,ESTRELLA MARINA,2004011,80,90.02,30/12/12,0%,1,1,2,30/12/12,30/12/12,30/12/12,969500
AKUA,3,En Obra,,312,2,4,12,ESTRELLA MARINA,2004012,80,89.52,30/12/12,0%,1,1,2,30/12/12,30/12/12,30/12/12,969500
AKUA,3,En Obra,,312,2,4,13,ESTRELLA MARINA,2004013,80,89.52,30/12/12,0%,1,1,2,30/12/12,30/12/12,30/12/12,969500
MARINE,3,En Obra,,312,2,4,14,ESTRELLA MARINA,2004014,80,90.02,30/12/12,0%,1,1,2,30/12/12,30/12/12,30/12/12,969500
AKUA,3,En Obra,,312,2,4,15,ESTRELLA MARINA,2004015,80,89.52,30/12/12,0%,1,1,2,30/12/12,30/12/12,30/12/12,969500
AKUA,3,En Obra,,312,2,4,16,ESTRELLA MARINA,2004016,80,89.52,30/12/12,0%,1,1,2,30/12/12,30/12/12,30/12/12,969500
MARINE,3,En Obra,,312,2,4,17,ESTRELLA MARINA,2004017,82.85,90.02,30/12/12,0%,1,1,2,30/12/12,30/12/12,30/12/12,980341.4
MARINE,3,En Obra,,272,2,5,1,ESTRELLA FUGAZ,2005001,82.73,90.02,30/12/12,0%,1,1,2,30/12/12,30/12/12,30/12/12,979874
AKUA,3,En Obra,,272,2,5,2,ESTRELLA FUGAZ,2005002,80,89.52,30/12/12,0%,1,1,2,30/12/12,30/12/12,30/12/12,969500
AKUA,3,En Obra,,272,2,5,3,ESTRELLA FUGAZ,2005003,80,89.52,30/12/12,0%,1,1,2,30/12/12,30/12/12,30/12/12,969500
MARINE,3,En Obra,,272,2,5,4,ESTRELLA FUGAZ,2005004,80,90.02,30/12/12,0%,1,1,2,30/12/12,30/12/12,30/12/12,969500
AKUA,3,En Obra,,272,2,5,5,ESTRELLA FUGAZ,2005005,80,89.52,30/12/12,0%,1,1,2,30/12/12,30/12/12,30/12/12,969500
AKUA,3,En Obra,,272,2,5,6,ESTRELLA FUGAZ,2005006,80,89.52,30/12/12,0%,1,1,2,30/12/12,30/12/12,30/12/12,969500
MARINE,3,En Obra,,272,2,5,7,ESTRELLA FUGAZ,2005007,80,90.02,30/12/12,0%,1,1,2,30/12/12,30/12/12,30/12/12,969500
AKUA,3,En Obra,,272,2,5,8,ESTRELLA FUGAZ,2005008,80,89.52,30/12/12,0%,1,1,2,30/12/12,30/12/12,30/12/12,969500
AKUA,3,En Obra,,272,2,5,9,ESTRELLA FUGAZ,2005009,80,89.52,30/12/12,0%,1,1,2,30/12/12,30/12/12,30/12/12,969500
MARINE,3,En Obra,,272,2,5,10,ESTRELLA FUGAZ,2005010,94.76,90.02,30/12/12,0%,1,1,2,30/12/12,30/12/12,30/12/12,1025584.2
MARINE,3,En Obra,,272,2,5,11,ESTRELLA FUGAZ,2005011,80,90.02,30/12/12,0%,1,1,2,30/12/12,30/12/12,30/12/12,969500
AKUA,3,En Obra,,272,2,5,12,ESTRELLA FUGAZ,2005012,80,89.52,30/12/12,0%,1,1,2,30/12/12,30/12/12,30/12/12,969500
AKUA,3,En Obra,,272,2,5,13,ESTRELLA FUGAZ,2005013,80,89.52,30/12/12,0%,1,1,2,30/12/12,30/12/12,30/12/12,969500
MARINE,3,En Obra,,272,2,5,14,ESTRELLA FUGAZ,2005014,80,90.02,30/12/12,0%,1,1,2,30/12/12,30/12/12,30/12/12,969500
AKUA,3,En Obra,,272,2,5,15,ESTRELLA FUGAZ,2005015,80,89.52,30/12/12,0%,1,1,2,30/12/12,30/12/12,30/12/12,969500
AKUA,3,En Obra,,272,2,5,16,ESTRELLA FUGAZ,2005016,80,89.52,30/12/12,0%,1,1,2,30/12/12,30/12/12,30/12/12,969500
MARINE,3,En Obra,,272,2,5,17,ESTRELLA FUGAZ,2005017,80,90.02,30/12/12,0%,1,1,2,30/12/12,30/12/12,30/12/12,969500
AKUA,3,En Obra,,272,2,5,18,ESTRELLA FUGAZ,2005018,80,89.52,30/12/12,0%,1,1,2,30/12/12,30/12/12,30/12/12,969500
AKUA,3,En Obra,,272,2,5,19,ESTRELLA FUGAZ,2005019,80,89.52,30/12/12,0%,1,1,2,30/12/12,30/12/12,30/12/12,969500
MARINE,3,En Obra,,272,2,5,20,ESTRELLA FUGAZ,2005020,82.55,90.02,30/12/12,0%,1,1,2,30/12/12,30/12/12,30/12/12,979171
MARINE,2,En Obra,,238,2,6,1,ESTRELLA POLAR,2006001,82.42,90.02,30/12/12,0%,1,1,2,30/12/12,30/12/12,30/12/12,978699.8
AKUA,2,En Obra,,238,2,6,2,ESTRELLA POLAR,2006002,80,89.52,30/12/12,0%,1,1,2,30/12/12,30/12/12,30/12/12,969500
AKUA,2,En Obra,,238,2,6,3,ESTRELLA POLAR,2006003,80,89.52,30/12/12,0%,1,1,2,30/12/12,30/12/12,30/12/12,969500
MARINE,2,En Obra,,238,2,6,4,ESTRELLA POLAR,2006004,80,90.02,30/12/12,0%,1,1,2,30/12/12,30/12/12,30/12/12,969500
AKUA,2,En Obra,,238,2,6,5,ESTRELLA POLAR,2006005,80,89.52,30/12/12,0%,1,1,2,30/12/12,30/12/12,30/12/12,969500
AKUA,2,En Obra,,238,2,6,6,ESTRELLA POLAR,2006006,80,89.52,30/12/12,0%,1,1,2,30/12/12,30/12/12,30/12/12,969500
MARINE,2,En Obra,,238,2,6,7,ESTRELLA POLAR,2006007,80,90.02,30/12/12,0%,1,1,2,30/12/12,30/12/12,30/12/12,969500
AKUA,2,En Obra,,238,2,6,8,ESTRELLA POLAR,2006008,80,89.52,30/12/12,0%,1,1,2,30/12/12,30/12/12,30/12/12,969500
AKUA,2,En Obra,,250,2,6,9,TARRAGONA,2006009,80.32,89.52,30/12/12,0%,1,1,2,30/12/12,30/12/12,30/12/12,970727.4
AKUA,2,En Obra,,246,2,6,10,TARRAGONA,2006010,84.04,89.52,30/12/12,0%,1,1,2,30/12/12,30/12/12,30/12/12,984833
MARINE,2,En Obra,,242,2,6,11,TARRAGONA,2006011,105.44,90.02,30/12/12,0%,1,1,2,30/12/12,30/12/12,30/12/12,1066179.6
AKUA,2,En Obra,,238,2,6,12,ESTRELLA POLAR,2006012,80,89.52,30/12/12,0%,1,1,2,30/12/12,30/12/12,30/12/12,969500
MARINE,2,En Obra,,238,2,6,13,ESTRELLA POLAR,2006013,80,90.02,30/12/12,0%,1,1,2,30/12/12,30/12/12,30/12/12,969500
AKUA,2,En Obra,,238,2,6,14,ESTRELLA POLAR,2006014,80,89.52,30/12/12,0%,1,1,2,30/12/12,30/12/12,30/12/12,969500
AKUA,2,En Obra,,238,2,6,15,ESTRELLA POLAR,2006015,80,89.52,30/12/12,0%,1,1,2,30/12/12,30/12/12,30/12/12,969500
MARINE,2,En Obra,,238,2,6,16,ESTRELLA POLAR,2006016,80,90.02,30/12/12,0%,1,1,2,30/12/12,30/12/12,30/12/12,969500
AKUA,2,En Obra,,238,2,6,17,ESTRELLA POLAR,2006017,80,89.52,30/12/12,0%,1,1,2,30/12/12,30/12/12,30/12/12,969500
AKUA,2,En Obra,,238,2,6,18,ESTRELLA POLAR,2006018,80,89.52,30/12/12,0%,1,1,2,30/12/12,30/12/12,30/12/12,969500
MARINE,2,En Obra,,238,2,6,19,ESTRELLA POLAR,2006019,80,90.02,30/12/12,0%,1,1,2,30/12/12,30/12/12,30/12/12,969500
AKUA,2,En Obra,,238,2,6,20,ESTRELLA POLAR,2006020,80,89.52,30/12/12,0%,1,1,2,30/12/12,30/12/12,30/12/12,969500
AKUA,2,En Obra,,238,2,6,21,ESTRELLA POLAR,2006021,80,89.52,30/12/12,0%,1,1,2,30/12/12,30/12/12,30/12/12,969500
MARINE,2,En Obra,,238,2,6,22,ESTRELLA POLAR,2006022,82.24,90.02,30/12/12,0%,1,1,2,30/12/12,30/12/12,30/12/12,977996.8
AKUA,2,En Obra,,198,2,7,1,ESTRELLA LUMINOSA,2007001,82.11,89.52,30/12/12,0%,1,1,2,30/12/12,30/12/12,30/12/12,977529.4
AKUA,2,En Obra,,198,2,7,2,ESTRELLA LUMINOSA,2007002,80,89.52,30/12/12,0%,1,1,2,30/12/12,30/12/12,30/12/12,969500
MARINE,2,En Obra,,198,2,7,3,ESTRELLA LUMINOSA,2007003,80,90.02,30/12/12,0%,1,1,2,30/12/12,30/12/12,30/12/12,969500
AKUA,2,En Obra,,198,2,7,4,ESTRELLA LUMINOSA,2007004,80,89.52,30/12/12,0%,1,1,2,30/12/12,30/12/12,30/12/12,969500
AKUA,2,En Obra,,198,2,7,5,ESTRELLA LUMINOSA,2007005,80,89.52,30/12/12,0%,1,1,2,30/12/12,30/12/12,30/12/12,969500
MARINE,2,En Obra,,198,2,7,6,ESTRELLA LUMINOSA,2007006,80,90.02,30/12/12,0%,1,1,2,30/12/12,30/12/12,30/12/12,969500
AKUA,2,En Obra,,198,2,7,7,ESTRELLA LUMINOSA,2007007,80,89.52,30/12/12,0%,1,1,2,30/12/12,30/12/12,30/12/12,969500
AKUA,2,En Obra,,198,2,7,8,ESTRELLA LUMINOSA,2007008,80,89.52,30/12/12,0%,1,1,2,30/12/12,30/12/12,30/12/12,969500
MARINE,2,En Obra,,198,2,7,9,ESTRELLA LUMINOSA,2007009,80,90.02,30/12/12,0%,1,1,2,30/12/12,30/12/12,30/12/12,969500
AKUA,2,En Obra,,198,2,7,10,ESTRELLA LUMINOSA,2007010,80,89.52,30/12/12,0%,1,1,2,30/12/12,30/12/12,30/12/12,969500
AKUA,2,En Obra,,198,2,7,11,ESTRELLA LUMINOSA,2007011,80,89.52,30/12/12,0%,1,1,2,30/12/12,30/12/12,30/12/12,969500
MARINE,2,En Obra,,198,2,7,12,ESTRELLA LUMINOSA,2007012,80,90.02,30/12/12,0%,1,1,2,30/12/12,30/12/12,30/12/12,969500
MARINE,2,En Obra,,198,2,7,13,ESTRELLA LUMINOSA,2007013,114.78,90.02,30/12/12,0%,1,1,2,30/12/12,30/12/12,30/12/12,1101667.8
AKUA,2,En Obra,,198,2,7,14,ESTRELLA LUMINOSA,2007014,80,89.52,30/12/12,0%,1,1,2,30/12/12,30/12/12,30/12/12,969500
AKUA,2,En Obra,,198,2,7,15,ESTRELLA LUMINOSA,2007015,80,89.52,30/12/12,0%,1,1,2,30/12/12,30/12/12,30/12/12,969500
MARINE,2,En Obra,,198,2,7,16,ESTRELLA LUMINOSA,2007016,80,90.02,30/12/12,0%,1,1,2,30/12/12,30/12/12,30/12/12,969500
AKUA,2,En Obra,,198,2,7,17,ESTRELLA LUMINOSA,2007017,80,89.52,30/12/12,0%,1,1,2,30/12/12,30/12/12,30/12/12,969500
AKUA,2,En Obra,,198,2,7,18,ESTRELLA LUMINOSA,2007018,80,89.52,30/12/12,0%,1,1,2,30/12/12,30/12/12,30/12/12,969500
MARINE,2,En Obra,,198,2,7,19,ESTRELLA LUMINOSA,2007019,80,90.02,30/12/12,0%,1,1,2,30/12/12,30/12/12,30/12/12,969500
AKUA,2,En Obra,,198,2,7,20,ESTRELLA LUMINOSA,2007020,80,89.52,30/12/12,0%,1,1,2,30/12/12,30/12/12,30/12/12,969500
AKUA,2,En Obra,,198,2,7,21,ESTRELLA LUMINOSA,2007021,80,89.52,30/12/12,0%,1,1,2,30/12/12,30/12/12,30/12/12,969500
MARINE,2,En Obra,,198,2,7,22,ESTRELLA LUMINOSA,2007022,80,90.02,30/12/12,0%,1,1,2,30/12/12,30/12/12,30/12/12,969500
AKUA,2,En Obra,,198,2,7,23,ESTRELLA LUMINOSA,2007023,80,89.52,30/12/12,0%,1,1,2,30/12/12,30/12/12,30/12/12,969500
AKUA,2,En Obra,,198,2,7,24,ESTRELLA LUMINOSA,2007024,81.93,89.52,30/12/12,0%,1,1,2,30/12/12,30/12/12,30/12/12,976826.4
MARINE,2,En Obra,,164,2,8,1,ESTRELLA PONIENTE,2008001,81.81,90.02,30/12/12,0%,1,1,2,30/12/12,30/12/12,30/12/12,976359
AKUA,2,En Obra,,164,2,8,2,ESTRELLA PONIENTE,2008002,80,89.52,30/12/12,0%,1,1,2,30/12/12,30/12/12,30/12/12,969500
AKUA,2,En Obra,,164,2,8,3,ESTRELLA PONIENTE,2008003,80,89.52,30/12/12,0%,1,1,2,30/12/12,30/12/12,30/12/12,969500
MARINE,2,En Obra,,164,2,8,4,ESTRELLA PONIENTE,2008004,80,90.02,30/12/12,0%,1,1,2,30/12/12,30/12/12,30/12/12,969500
AKUA,2,En Obra,,164,2,8,5,ESTRELLA PONIENTE,2008005,80,89.52,30/12/12,0%,1,1,2,30/12/12,30/12/12,30/12/12,969500
AKUA,2,En Obra,,164,2,8,6,ESTRELLA PONIENTE,2008006,80,89.52,30/12/12,0%,1,1,2,30/12/12,30/12/12,30/12/12,969500
MARINE,2,En Obra,,164,2,8,7,ESTRELLA PONIENTE,2008007,80,90.02,30/12/12,0%,1,1,2,30/12/12,30/12/12,30/12/12,969500
AKUA,2,En Obra,,164,2,8,8,ESTRELLA PONIENTE,2008008,80,89.52,30/12/12,0%,1,1,2,30/12/12,30/12/12,30/12/12,969500
AKUA,2,En Obra,,176,2,8,9,TARRAGONA,2008009,95.79,89.52,30/12/12,0%,1,1,2,30/12/12,30/12/12,30/12/12,1029483
AKUA,2,En Obra,,172,2,8,10,TARRAGONA,2008010,88.54,89.52,30/12/12,0%,1,1,2,30/12/12,30/12/12,30/12/12,1001959.6
MARINE,2,En Obra,,168,2,8,11,TARRAGONA,2008011,96.58,90.02,30/12/12,0%,1,1,2,30/12/12,30/12/12,30/12/12,1032515.4
AKUA,2,En Obra,,164,2,8,12,ESTRELLA PONIENTE,2008012,80,89.52,30/12/12,0%,1,1,2,30/12/12,30/12/12,30/12/12,969500
AKUA,2,En Obra,,164,2,8,13,ESTRELLA PONIENTE,2008013,80,89.52,30/12/12,0%,1,1,2,30/12/12,30/12/12,30/12/12,969500
MARINE,2,En Obra,,164,2,8,14,ESTRELLA PONIENTE,2008014,80,90.02,30/12/12,0%,1,1,2,30/12/12,30/12/12,30/12/12,969500
AKUA,2,En Obra,,164,2,8,15,ESTRELLA PONIENTE,2008015,80,89.52,30/12/12,0%,1,1,2,30/12/12,30/12/12,30/12/12,969500
AKUA,2,En Obra,,164,2,8,16,ESTRELLA PONIENTE,2008016,80,89.52,30/12/12,0%,1,1,2,30/12/12,30/12/12,30/12/12,969500
MARINE,2,En Obra,,164,2,8,17,ESTRELLA PONIENTE,2008017,80,90.02,30/12/12,0%,1,1,2,30/12/12,30/12/12,30/12/12,969500
AKUA,2,En Obra,,164,2,8,18,ESTRELLA PONIENTE,2008018,80,89.52,30/12/12,0%,1,1,2,30/12/12,30/12/12,30/12/12,969500
AKUA,2,En Obra,,164,2,8,19,ESTRELLA PONIENTE,2008019,80,89.52,30/12/12,0%,1,1,2,30/12/12,30/12/12,30/12/12,969500
MARINE,2,En Obra,,164,2,8,20,ESTRELLA PONIENTE,2008020,81.62,90.02,30/12/12,0%,1,1,2,30/12/12,30/12/12,30/12/12,975656
MARINE,1,En Obra,1214120486100010,122,2,9,1,ESTRELLA NORTE,2009001,81.5,90.02,30/12/12,0%,1,1,2,30/12/12,30/12/12,30/12/12,975184.8
AKUA,1,En Obra,1214120486100020,122,2,9,2,ESTRELLA NORTE,2009002,80,89.52,30/12/12,0%,1,1,2,30/12/12,30/12/12,30/12/12,969500
AKUA,1,En Obra,1214120486100020,122,2,9,3,ESTRELLA NORTE,2009003,80,89.52,30/12/12,0%,1,1,2,30/12/12,30/12/12,30/12/12,969500
MARINE,1,En Obra,1214120486100030,122,2,9,4,ESTRELLA NORTE,2009004,80,90.02,30/12/12,0%,1,1,2,30/12/12,30/12/12,30/12/12,969500
AKUA,1,En Obra,1214120486100050,122,2,9,5,ESTRELLA NORTE,2009005,80,89.52,30/12/12,0%,1,1,2,30/12/12,30/12/12,30/12/12,969500
AKUA,1,En Obra,1214120486100060,122,2,9,6,ESTRELLA NORTE,2009006,80,89.52,30/12/12,0%,1,1,2,30/12/12,30/12/12,30/12/12,969500
MARINE,1,En Obra,1214120486100060,122,2,9,7,ESTRELLA NORTE,2009007,80,90.02,30/12/12,0%,1,1,2,30/12/12,30/12/12,30/12/12,969500
AKUA,1,En Obra,1214120486100070,122,2,9,8,ESTRELLA NORTE,2009008,80,89.52,30/12/12,0%,1,1,2,30/12/12,30/12/12,30/12/12,969500
MARINE,2,En Obra,1214120486100080,122,2,9,9,ESTRELLA NORTE,2009009,80,90.02,30/12/12,0%,1,1,2,30/12/12,30/12/12,30/12/12,969500
AKUA,2,En Obra,1214120486100100,122,2,9,10,ESTRELLA NORTE,2009010,80,89.52,30/12/12,0%,1,1,2,30/12/12,30/12/12,30/12/12,969500
AKUA,2,En Obra,1214120486100110,122,2,9,11,ESTRELLA NORTE,2009011,80,89.52,30/12/12,0%,1,1,2,30/12/12,30/12/12,30/12/12,969500
MARINE,2,En Obra,,122,2,9,12,ESTRELLA NORTE,2009012,80,90.02,30/12/12,0%,1,1,2,30/12/12,30/12/12,30/12/12,969500
AKUA,1,En Obra,,122,2,9,13,ESTRELLA NORTE,2009013,80,89.52,30/12/12,0%,1,1,2,30/12/12,30/12/12,30/12/12,969500
AKUA,1,En Obra,,122,2,9,14,ESTRELLA NORTE,2009014,80,89.52,30/12/12,0%,1,1,2,30/12/12,30/12/12,30/12/12,969500
MARINE,1,En Obra,,122,2,9,15,ESTRELLA NORTE,2009015,81.31,90.02,30/12/12,0%,1,1,2,30/12/12,30/12/12,30/12/12,974481.8
MARINE,2,En Obra,,80,2,10,1,ESTRELLA SUR,2010001,81.19,90.02,30/12/12,0%,1,1,2,30/12/12,30/12/12,30/12/12,974014.4
AKUA,2,En Obra,,80,2,10,2,ESTRELLA SUR,2010002,80,89.52,30/12/12,0%,1,1,2,30/12/12,30/12/12,30/12/12,969500
AKUA,2,En Obra,,80,2,10,3,ESTRELLA SUR,2010003,80,89.52,30/12/12,0%,1,1,2,30/12/12,30/12/12,30/12/12,969500
MARINE,2,En Obra,,80,2,10,4,ESTRELLA SUR,2010004,80,90.02,30/12/12,0%,1,1,2,30/12/12,30/12/12,30/12/12,969500
AKUA,2,En Obra,,80,2,10,5,ESTRELLA SUR,2010005,80,89.52,30/12/12,0%,1,1,2,30/12/12,30/12/12,30/12/12,969500
AKUA,2,En Obra,,80,2,10,6,ESTRELLA SUR,2010006,80,89.52,30/12/12,0%,1,1,2,30/12/12,30/12/12,30/12/12,969500
MARINE,2,En Obra,,76,2,10,7,TARRAGONA,2010007,111.13,90.02,30/12/12,0%,1,1,2,30/12/12,30/12/12,30/12/12,1087790.2
AKUA,2,En Obra,,72,2,10,8,TARRAGONA,2010008,86.59,89.52,30/12/12,0%,1,1,2,30/12/12,30/12/12,30/12/12,994523
AKUA,2,En Obra,,68,2,10,9,TARRAGONA,2010009,80.86,89.52,30/12/12,0%,1,1,2,30/12/12,30/12/12,30/12/12,972749
AKUA,2,En Obra,,80,2,10,10,ESTRELLA SUR,2010010,80.01,89.52,30/12/12,0%,1,1,2,30/12/12,30/12/12,30/12/12,969519
MARINE,2,En Obra,,80,2,10,11,ESTRELLA SUR,2010011,81.01,90.02,30/12/12,0%,1,1,2,30/12/12,30/12/12,30/12/12,973319
MARINE,1,En Obra,1214120486100110,197,3,1,1,TARRAGONA,3001001,287.9,90.02,30/12/12,0%,1,1,2,30/12/12,30/12/12,30/12/12,1759523.8
AKUA,1,En Obra,1214120486100120,179,3,1,2,TARRAGONA,3001002,82.71,89.52,30/12/12,0%,1,1,2,30/12/12,30/12/12,30/12/12,979809.4
AKUA,1,En Obra,1214120486100130,175,3,1,3,TARRAGONA,3001003,87.34,89.52,30/12/12,0%,1,1,2,30/12/12,30/12/12,30/12/12,997395.8
MARINE,1,En Obra,1214120486100150,171,3,1,4,TARRAGONA,3001004,97.64,90.02,30/12/12,0%,1,1,2,30/12/12,30/12/12,30/12/12,1036524.4
AKUA,1,En Obra,1214120486100160,167,3,1,5,TARRAGONA,3001005,105.36,89.52,30/12/12,0%,1,1,2,30/12/12,30/12/12,30/12/12,1065871.8
MARINE,1,En Obra,121412048600163,141,3,2,1,ESTRELLA BLANCA,3002001,150.72,90.02,30/12/12,0%,1,1,2,30/12/12,30/12/12,30/12/12,1238217
AKUA,1,En Obra,121412048600171,141,3,2,2,ESTRELLA BLANCA,3002002,84.65,89.52,30/12/12,0%,1,1,2,30/12/12,30/12/12,30/12/12,987166.2
AKUA,1,En Obra,121412048600189,141,3,2,3,ESTRELLA BLANCA,3002003,81.15,89.52,30/12/12,0%,1,1,2,30/12/12,30/12/12,30/12/12,973858.6
MARINE,1,En Obra,121412048600197,141,3,2,4,ESTRELLA BLANCA,3002004,112.73,90.02,30/12/12,0%,1,1,2,30/12/12,30/12/12,30/12/12,1093855
AKUA,1,En Obra,121412048600205,141,3,2,5,ESTRELLA BLANCA,3002005,116.29,89.52,30/12/12,0%,1,1,2,30/12/12,30/12/12,30/12/12,1107386.8
MARINE,1,En Obra,121412048600213,141,3,2,6,ESTRELLA BLANCA,3002006,80,90.02,30/12/12,0%,1,1,2,30/12/12,30/12/12,30/12/12,969500
AKUA,1,En Obra,121412048600221,141,3,2,7,ESTRELLA BLANCA,3002007,80,89.52,30/12/12,0%,1,1,2,30/12/12,30/12/12,30/12/12,969500
AKUA,1,En Obra,121412048600239,141,3,2,8,ESTRELLA BLANCA,3002008,80,89.52,30/12/12,0%,1,1,2,30/12/12,30/12/12,30/12/12,969500
MARINE,1,En Obra,121412048600247,141,3,2,9,ESTRELLA BLANCA,3002009,80,90.02,30/12/12,0%,1,1,2,30/12/12,30/12/12,30/12/12,969500
AKUA,1,En Obra,121412048600255,141,3,2,10,ESTRELLA BLANCA,3002010,80,89.52,30/12/12,0%,1,1,2,30/12/12,30/12/12,30/12/12,969500
MARINE,1,En Obra,1214120486100260,101,3,3,1,ESTRELLA DE LA PRIMAVERA,3003001,80,90.02,30/12/12,0%,1,1,2,30/12/12,30/12/12,30/12/12,969500
AKUA,1,En Obra,1214120486100270,101,3,3,2,ESTRELLA DE LA PRIMAVERA,3003002,80,89.52,30/12/12,0%,1,1,2,30/12/12,30/12/12,30/12/12,969500
AKUA,1,En Obra,1214120486100290,101,3,3,3,ESTRELLA DE LA PRIMAVERA,3003003,80,89.52,30/12/12,0%,1,1,2,30/12/12,30/12/12,30/12/12,969500
MARINE,1,En Obra,1214120486100300,101,3,3,4,ESTRELLA DE LA PRIMAVERA,3003004,80,90.02,30/12/12,0%,1,1,2,30/12/12,30/12/12,30/12/12,969500
AKUA,1,En Obra,1214120486100300,101,3,3,5,ESTRELLA DE LA PRIMAVERA,3003005,80,89.52,30/12/12,0%,1,1,2,30/12/12,30/12/12,30/12/12,969500
AKUA,1,En Obra,1214120486100310,101,3,3,6,ESTRELLA DE LA PRIMAVERA,3003006,80,89.52,30/12/12,0%,1,1,2,30/12/12,30/12/12,30/12/12,969500
MARINE,1,En Obra,1214120486100320,101,3,3,7,ESTRELLA DE LA PRIMAVERA,3003007,108.86,90.02,30/12/12,0%,1,1,2,30/12/12,30/12/12,30/12/12,1079156.6
MARINE,1,En Obra,1214120486100340,101,3,3,8,ESTRELLA DE LA PRIMAVERA,3003008,116.29,90.02,30/12/12,0%,1,1,2,30/12/12,30/12/12,30/12/12,1107386.8
AKUA,1,En Obra,1214120486100350,101,3,3,9,ESTRELLA DE LA PRIMAVERA,3003009,80,89.52,30/12/12,0%,1,1,2,30/12/12,30/12/12,30/12/12,969500
AKUA,1,En Obra,1214120486100350,101,3,3,10,ESTRELLA DE LA PRIMAVERA,3003010,80,89.52,30/12/12,0%,1,1,2,30/12/12,30/12/12,30/12/12,969500
MARINE,1,En Obra,1214120486100360,101,3,3,11,ESTRELLA DE LA PRIMAVERA,3003011,80,90.02,30/12/12,0%,1,1,2,30/12/12,30/12/12,30/12/12,969500
AKUA,1,En Obra,1214120486100380,101,3,3,12,ESTRELLA DE LA PRIMAVERA,3003012,80,89.52,30/12/12,0%,1,1,2,30/12/12,30/12/12,30/12/12,969500
AKUA,1,En Obra,1214120486100390,101,3,3,13,ESTRELLA DE LA PRIMAVERA,3003013,80,89.52,30/12/12,0%,1,1,2,30/12/12,30/12/12,30/12/12,969500
MARINE,1,En Obra,1214120486100400,101,3,3,14,ESTRELLA DE LA PRIMAVERA,3003014,80,90.02,30/12/12,0%,1,1,2,30/12/12,30/12/12,30/12/12,969500
AKUA,1,En Obra,1214120486100400,101,3,3,15,ESTRELLA DE LA PRIMAVERA,3003015,80,89.52,30/12/12,0%,1,1,2,30/12/12,30/12/12,30/12/12,969500
AKUA,1,En Obra,1214120486100410,101,3,3,16,ESTRELLA DE LA PRIMAVERA,3003016,80,89.52,30/12/12,0%,1,1,2,30/12/12,30/12/12,30/12/12,969500
MARINE,1,En Obra,1214120486100430,59,3,4,1,ESTRELLA DE INVIERNO,3004001,115.05,90.02,30/12/12,0%,1,1,2,30/12/12,30/12/12,30/12/12,1102697.6
AKUA,1,En Obra,1214120486100440,59,3,4,2,ESTRELLA DE INVIERNO,3004002,80,89.52,30/12/12,0%,1,1,2,30/12/12,30/12/12,30/12/12,969500
AKUA,1,En Obra,1214120486100450,59,3,4,3,ESTRELLA DE INVIERNO,3004003,80,89.52,30/12/12,0%,1,1,2,30/12/12,30/12/12,30/12/12,969500
MARINE,1,En Obra,1214120486100450,59,3,4,4,ESTRELLA DE INVIERNO,3004004,80,90.02,30/12/12,0%,1,1,2,30/12/12,30/12/12,30/12/12,969500
AKUA,1,En Obra,1214120486100460,59,3,4,5,ESTRELLA DE INVIERNO,3004005,80,89.52,30/12/12,0%,1,1,2,30/12/12,30/12/12,30/12/12,969500
AKUA,1,En Obra,1214120486100480,59,3,4,6,ESTRELLA DE INVIERNO,3004006,80,89.52,30/12/12,0%,1,1,2,30/12/12,30/12/12,30/12/12,969500
MARINE,1,En Obra,1214120486100490,59,3,4,7,ESTRELLA DE INVIERNO,3004007,80,90.02,30/12/12,0%,1,1,2,30/12/12,30/12/12,30/12/12,969500
AKUA,1,En Obra,1214120486100490,59,3,4,8,ESTRELLA DE INVIERNO,3004008,80,89.52,30/12/12,0%,1,1,2,30/12/12,30/12/12,30/12/12,969500
AKUA,1,En Obra,1214120486100500,59,3,4,9,ESTRELLA DE INVIERNO,3004009,80,89.52,30/12/12,0%,1,1,2,30/12/12,30/12/12,30/12/12,969500
MARINE,1,En Obra,1214120486100510,59,3,4,10,ESTRELLA DE INVIERNO,3004010,80,90.02,30/12/12,0%,1,1,2,30/12/12,30/12/12,30/12/12,969500
AKUA,1,En Obra,1214120486100530,59,3,4,11,ESTRELLA DE INVIERNO,3004011,108.86,89.52,30/12/12,0%,1,1,2,30/12/12,30/12/12,30/12/12,1079156.6
AKUA,1,En Obra,1214120486100540,59,3,4,12,ESTRELLA DE INVIERNO,3004012,116.29,89.52,30/12/12,0%,1,1,2,30/12/12,30/12/12,30/12/12,1107386.8
AKUA,1,En Obra,1214120486100540,59,3,4,13,ESTRELLA DE INVIERNO,3004013,80,89.52,30/12/12,0%,1,1,2,30/12/12,30/12/12,30/12/12,969500
MARINE,1,En Obra,1214120486100550,59,3,4,14,ESTRELLA DE INVIERNO,3004014,80,90.02,30/12/12,0%,1,1,2,30/12/12,30/12/12,30/12/12,969500
AKUA,1,En Obra,1214120486100570,59,3,4,15,ESTRELLA DE INVIERNO,3004015,80,89.52,30/12/12,0%,1,1,2,30/12/12,30/12/12,30/12/12,969500
AKUA,1,En Obra,1214120486100580,59,3,4,16,ESTRELLA DE INVIERNO,3004016,80,89.52,30/12/12,0%,1,1,2,30/12/12,30/12/12,30/12/12,969500
MARINE,1,En Obra,1214120486100590,59,3,4,17,ESTRELLA DE INVIERNO,3004017,80,90.02,30/12/12,0%,1,1,2,30/12/12,30/12/12,30/12/12,969500
AKUA,1,En Obra,1214120486100590,59,3,4,18,ESTRELLA DE INVIERNO,3004018,80,89.52,30/12/12,0%,1,1,2,30/12/12,30/12/12,30/12/12,969500
AKUA,1,En Obra,1214120486100600,59,3,4,19,ESTRELLA DE INVIERNO,3004019,80,89.52,30/12/12,0%,1,1,2,30/12/12,30/12/12,30/12/12,969500
MARINE,1,En Obra,1214120486100620,59,3,4,20,ESTRELLA DE INVIERNO,3004020,80,90.02,30/12/12,0%,1,1,2,30/12/12,30/12/12,30/12/12,969500
AKUA,1,En Obra,1214120486100630,59,3,4,21,ESTRELLA DE INVIERNO,3004021,80,89.52,30/12/12,0%,1,1,2,30/12/12,30/12/12,30/12/12,969500
AKUA,1,En Obra,1214120486100640,59,3,4,22,ESTRELLA DE INVIERNO,3004022,80,89.52,30/12/12,0%,1,1,2,30/12/12,30/12/12,30/12/12,969500
MARINE,1,En Obra,1214120486100640,59,3,4,23,ESTRELLA DE INVIERNO,3004023,80,90.02,30/12/12,0%,1,1,2,30/12/12,30/12/12,30/12/12,969500
AKUA,1,En Obra,1214120486100650,59,3,4,24,ESTRELLA DE INVIERNO,3004024,109.5,89.52,30/12/12,0%,1,1,2,30/12/12,30/12/12,30/12/12,1081603.8
MARINE,2,En Obra,,241,4,1,1,TARRAGONA,4001001,138.72,90.02,30/12/12,0%,1,1,2,30/12/12,30/12/12,30/12/12,1192643.6
MARINE,2,En Obra,,237,4,1,2,TARRAGONA,4001002,130.88,90.02,30/12/12,0%,1,1,2,30/12/12,30/12/12,30/12/12,1162840.2
MARINE,3,En Obra,,,5,1,1,TALAVERA,5001001,80.3,90.02,30/12/12,0%,1,1,2,30/12/12,30/12/12,30/12/12,970651.4
MARINE,3,En Obra,,451,6,1,1,TARRAGONA,6001001,102.81,90.02,30/12/12,0%,1,1,2,30/12/12,30/12/12,30/12/12,1056185.6
AKUA,3,En Obra,,447,6,1,2,TARRAGONA,6001002,91.78,89.52,30/12/12,0%,1,1,2,30/12/12,30/12/12,30/12/12,1014248.8
AKUA,3,En Obra,,443,6,1,3,TARRAGONA,6001003,89.82,89.52,30/12/12,0%,1,1,2,30/12/12,30/12/12,30/12/12,1006804.6
MARINE,3,En Obra,,439,6,1,4,TARRAGONA,6001004,87.86,90.02,30/12/12,0%,1,1,2,30/12/12,30/12/12,30/12/12,999364.2
AKUA,3,En Obra,,435,6,1,5,TARRAGONA,6001005,85.9,89.52,30/12/12,0%,1,1,2,30/12/12,30/12/12,30/12/12,991923.8
AKUA,3,En Obra,,431,6,1,6,TARRAGONA,6001006,83.94,89.59,30/12/12,0%,1,1,2,30/12/12,30/12/12,30/12/12,984479.6
MARINE,3,En Obra,,427,6,1,7,TARRAGONA,6001007,81.98,90.02,30/12/12,0%,1,1,2,30/12/12,30/12/12,30/12/12,977039.2
AKUA,3,En Obra,,423,6,1,8,TARRAGONA,6001008,80.03,89.52,30/12/12,0%,1,1,2,30/12/12,30/12/12,30/12/12,969598.8
AKUA,3,En Obra,,419,6,1,9,TARRAGONA,6001009,81.15,89.52,30/12/12,0%,1,1,2,30/12/12,30/12/12,30/12/12,973866.2
MARINE,3,En Obra,,415,6,1,10,TARRAGONA,6001010,82.01,90.02,30/12/12,0%,1,1,2,30/12/12,30/12/12,30/12/12,977138
MARINE,3,En Obra,,2591,6,1,11,TALAVERA,6001011,147.45,90.02,30/12/12,0%,1,1,2,30/12/12,30/12/12,30/12/12,1225821.4
AKUA,3,En Obra,,2587,6,1,12,TALAVERA,6001012,91.87,89.52,30/12/12,0%,1,1,2,30/12/12,30/12/12,30/12/12,1014613.6
